scenario,buffer_distance_m,admin_level,subcounty,total_dog_population,covered_dog_population,uncovered_dog_population,coverage_pct,pct_of_country_dog_population,pct_of_total_buffer_population,uncovered_rural_dog_population,uncovered_urban_dog_population,pct_uncovered_population_rural,pct_uncovered_population_urban,uncovered_rural_pixel_count,uncovered_urban_pixel_count,coverage_class
3km,3000,subcounty,Ainabkoi,18750.21875,18748.232421875,1.986328125,99.9894063735923,0.2906121893153096,0.3029876334139922,1.9857290983200073,0,99.96984251129241,0,48.81173324584961,0,≥70% coverage
3km,3000,subcounty,Ainamoi,24839.17578125,24839.17578125,0,100,0.3849857620768759,0.4014225403528692,0,0,NA,NA,0,0,≥70% coverage
3km,3000,subcounty,Aldai,24768.89453125,24768.89453125,0,100,0.3838964634290766,0.40028673463360415,0,0,NA,NA,2107.88671875,0,≥70% coverage
3km,3000,subcounty,Alego Usonga,37038.30078125,37037.609375,0.69140625,99.99813326681998,0.5740616588037407,0.59855976602624394,0.6916758418083191,0,100.03899180956479,0,3663.793212890625,0,≥70% coverage
3km,3000,subcounty,Awendo,18782.623046875,18782.623046875,0,100,0.29111442791762276,0.3035434156256646,0,0,NA,NA,0,0,≥70% coverage
3km,3000,subcounty,Bahati,31418.521484375,31401.69921875,16.822265625,99.946457488035,0.4869599355273819,0.507478588774373,16.823692321777344,0,100.00848100255428,0,3086.718505859375,0,≥70% coverage
3km,3000,subcounty,Balambala,6419.92919921875,1455.82666015625,4964.1025390625,22.676677810300642,0.09950335538534681,0.023527416584993698,4964.09423828125,0.008351629599928856,99.99983278384794,1.682404731612597e-4,550608.0625,0.01833391562104225,<50% coverage
3km,3000,subcounty,Banissa,11681.0380859375,7740.36865234375,3940.66943359375,66.26439016291009,0.18104599721695566,0.12509104468905125,3344.365234375,596.3043212890625,84.86794669617996,15.132056401525013,322927.125,600.3917236328125,50–69% coverage
3km,3000,subcounty,Baringo Central,12805.119140625,12771.97265625,33.146484375,99.74114661479531,0.19846828229139493,0.20640611243064566,33.14691925048828,0,100.00131198073183,0,1512.5098876953125,0,≥70% coverage
3km,3000,subcounty,Baringo North,14061.1220703125,13745.8212890625,315.30078125,97.7576413911113,0.21793524243994933,0.22214434769036204,315.3004150390625,0,99.99988385346333,0,37517.7421875,0,≥70% coverage
3km,3000,subcounty,Baringo South,14019.6904296875,13454.66015625,565.0302734375,95.96973787494612,0.21729308780967568,0.21743893223636618,564.4676513671875,0,99.90042620780483,0,58511.34765625,0,≥70% coverage
3km,3000,subcounty,Belgut,19826.3984375,19826.314453125,0.083984375,99.9995764012548,0.30729204458798687,0.32041037044457565,0.08319861441850662,0,99.06439670296604,0,10918.0673828125,0,≥70% coverage
3km,3000,subcounty,Bobasi,31702.140625,31702.140625,0,100,0.4913557871431802,0.5123339814647819,0,0,NA,NA,0,0,≥70% coverage
3km,3000,subcounty,Bomachoge Borabu,18069.80859375,18069.80859375,0,100,0.2800664198084773,0.2920237182293576,0,0,NA,NA,0,0,≥70% coverage
3km,3000,subcounty,Bomachoge Chache,16157.103515625,16157.103515625,0,100,0.2504211437890487,0.2611127516913152,0,0,NA,NA,0,0,≥70% coverage
3km,3000,subcounty,Bomet Central,21553.578125,21553.578125,0,100,0.33406183735775424,0.34832444364609777,0,0,NA,NA,0,0,≥70% coverage
3km,3000,subcounty,Bomet East,21763.96875,21763.96875,0,100,0.33732271025517935,0.3517245379124172,0,0,NA,NA,0,0,≥70% coverage
3km,3000,subcounty,Bonchari,21687.677734375,21687.677734375,0,100,0.33614026543298925,0.35049160918853395,0,0,NA,NA,0,0,≥70% coverage
3km,3000,subcounty,Bondo,32995.296875,32921.6015625,73.6953125,99.77664903947012,0.511398591653889,0.5320415237642272,54.83879470825195,4.720914840698242,74.41286677256706,6.405990666907399,1348.0216064453125,21.54110336303711,≥70% coverage
3km,3000,subcounty,Borabu,17684.12890625,17684.12890625,0,100,0.27408871790252914,0.28579080127260337,0,0,NA,NA,0,0,≥70% coverage
3km,3000,subcounty,Budalangi,14365.3955078125,14346.15234375,19.2431640625,99.86604501037209,0.22265121781076305,0.23184621618824044,19.24310874938965,0,99.99971255709211,0,1807.658447265625,0,≥70% coverage
3km,3000,subcounty,Bumula,35319.29296875,35319.29296875,0,100,0.5474185230354849,0.5707902883671839,0,0,NA,NA,0,0,≥70% coverage
3km,3000,subcounty,Bura,16358.8779296875,11993.7880859375,4365.08984375,73.31669163061366,0.2535484728618637,0.19382997746428127,4300.93359375,64.15592956542969,98.53024216461753,1.4697504945353896,1444087.375,86.80072784423828,≥70% coverage
3km,3000,subcounty,Buret,27565.8515625,27565.8515625,0,100,0.4272468806754039,0.44548797668084295,0,0,NA,NA,0,0,≥70% coverage
3km,3000,subcounty,Butere,24303.50390625,24303.50390625,0,100,0.3766833108668927,0.392765620060836,0,0,NA,NA,0,0,≥70% coverage
3km,3000,subcounty,Butula,22083.119140625,22083.119140625,0,100,0.3422692655448539,0.3568822839538943,0,0,NA,NA,0,0,≥70% coverage
3km,3000,subcounty,Buuri,18637.361328125,18232.083984375,405.27734375,97.82545749575392,0.288862996791805,0.2946462287391714,405.277587890625,0,100.00006024038322,0,74842.625,0,≥70% coverage
3km,3000,subcounty,Central Imenti,23676.81640625,23675.775390625,1.041015625,99.99560322803903,0.3669701961123495,0.3826209849242573,1.0424355268478394,0,100.13639582478307,0,29630.609375,0,≥70% coverage
3km,3000,subcounty,Changamwe,12248.896484375,12248.896484375,0,100,0.18984731172914007,0.19795274958313053,0,0,NA,NA,0,0,≥70% coverage
3km,3000,subcounty,Chepalungu,29729.42578125,29729.42578125,0,100,0.4607804116085883,0.4804532052689911,0,0,NA,NA,0,0,≥70% coverage
3km,3000,subcounty,Cherangany,32313.47265625,32099.58984375,213.8828125,99.33810019500139,0.5008309054001412,0.5187571042147856,177.4434814453125,36.4388313293457,82.96294562954304,17.036820725997188,1465.824951171875,99.44742584228516,≥70% coverage
3km,3000,subcounty,Chesumei,23933.720703125,23929.234375,4.486328125,99.98125519980513,0.3709519907332445,0.3867171010868504,2.302359104156494,2.183973789215088,51.319454128346756,48.68065215838594,609.84234619140625,4.86637020111084,≥70% coverage
3km,3000,subcounty,Dadaab,18304.55859375,15911.5361328125,2393.0224609375,86.92663115211866,0.28370484197044643,0.25714417062789646,2044.1949462890625,348.82720947265625,85.42314080446285,14.576846442803479,763789.5,617.82904052734375,≥70% coverage
3km,3000,subcounty,Dagoretti,46070.81640625,46070.81640625,0,100,0.7140578463578722,0.7445441958620754,0,0,NA,NA,0,0,≥70% coverage
3km,3000,subcounty,Dujis,13835.3427734375,13627.662109375,207.6806640625,98.49891204386185,0.21443585842519405,0.22023479326336004,205.86795043945312,1.8128530979156494,99.127163026356,0.8729041319754662,57626.8203125,8.833044052124023,≥70% coverage
3km,3000,subcounty,Eldama Ravine,18334.8046875,18313.35546875,21.44921875,99.8830136501829,0.2841736302891386,0.29595964614091497,21.448719024658203,0,99.9976701932708,0,20354.923828125,0,≥70% coverage
3km,3000,subcounty,Eldas,10289.37109375,4612.06640625,5677.3046875,44.82359868477749,0.15947636132150983,0.07453497770528014,5268.42236328125,408.8823547363281,92.79794996525365,7.202050572282732,521535.09375,684.48907470703125,<50% coverage
3km,3000,subcounty,Embakasi Central,39908.1171875,39908.1171875,0,100,0.6185413334077133,0.6449496522424492,0,0,NA,NA,0,0,≥70% coverage
3km,3000,subcounty,Embakasi East,75585.375,75527.0234375,58.3515625,99.92280045908352,1.1715080022183029,1.220581950084586,0,58.345458984375,0,99.98954009907618,237.38766479492188,212.9270477294922,≥70% coverage
3km,3000,subcounty,Embakasi North,20631.306640625,20631.306640625,0,100,0.31976742624762794,0.3334197396650467,0,0,NA,NA,0,0,≥70% coverage
3km,3000,subcounty,Embakasi South,35962.265625,35962.265625,0,100,0.5573840436405548,0.58118128198639,0,0,NA,NA,0,0,≥70% coverage
3km,3000,subcounty,Embakasi West,46679.55078125,46679.55078125,0,100,0.7234927031874884,0.754381869276226,0,0,NA,NA,0,0,≥70% coverage
3km,3000,subcounty,Emgwen,21148.23046875,21142.00390625,6.2265625,99.97055752485203,0.3277792989304817,0.3416730486928447,4.792758941650391,1.433220386505127,76.97279103277917,23.01784309569087,2555.6474609375,7.864264965057373,≥70% coverage
3km,3000,subcounty,Emuhaya,14531.2685546875,14531.2685546875,0,100,0.22522210671309892,0.23483785408755925,0,0,NA,NA,0,0,≥70% coverage
3km,3000,subcounty,Emurua Dikirr,11157.595703125,11089.4267578125,68.1689453125,99.38903553125333,0.17293309256886652,0.1792147170816534,63.11983871459961,5.0493011474609375,92.59324524568441,7.4070401475539,643.92474365234375,16.408042907714844,≥70% coverage
3km,3000,subcounty,Endebess,15799.7744140625,14961.7392578125,838.03515625,94.69590429402517,0.244882851468531,0.2417946325538706,754.89886474609375,83.13609313964844,90.07961767667115,9.920358653169384,37215.64453125,261.52789306640625,≥70% coverage
3km,3000,subcounty,Fafi,13912.791015625,10146.208984375,3766.58203125,72.9272003940843,0.21563623925918998,0.16397150297287172,3455.924072265625,310.6578674316406,91.75225824349621,8.24773932584561,1882335.75,970.87786865234375,≥70% coverage
3km,3000,subcounty,Funyula,17294.44921875,17294.44921875,0,100,0.2680490194528201,0.2794932408600618,0,0,NA,NA,0,0,≥70% coverage
3km,3000,subcounty,Gachoka,23596.197265625,23377.60546875,218.591796875,99.0736143014305,0.365720669092418,0.3778023013837901,218.3544464111328,0,99.89141840304148,0,9099.0654296875,0,≥70% coverage
3km,3000,subcounty,Galole,5488.9501953125,4536.06201171875,952.88818359375,82.63988286125267,0.08507398524630341,0.0733066810258973,952.88812255859375,0,99.99999359472001,0,1045167.375,22.746986389160156,≥70% coverage
3km,3000,subcounty,Ganze,12921.34765625,11164.11328125,1757.234375,86.40053327448369,0.200269723855198,0.18042171582559066,1746.9130859375,10.3214111328125,99.41264015720725,0.5873667895218873,173164.03125,34.38528823852539,≥70% coverage
3km,3000,subcounty,Garsen,8600.595703125,5870.27294921875,2730.32275390625,68.25425995882826,0.13330180196969704,0.09486868246324454,2646.0537109375,84.26860809326172,96.91358676009322,3.086397312284759,1752697.25,260.2414855957031,50–69% coverage
3km,3000,subcounty,Gatanga,23274.123046875,23237.474609375,36.6484375,99.84253568898734,0.36072879699316823,0.3755376656306745,36.648956298828125,0,100.0014156096781,0,8759.3173828125,0,≥70% coverage
3km,3000,subcounty,Gatundu North,15169.8994140625,15169.1708984375,0.728515625,99.99519762389245,0.2351203332181783,0.24514690707628478,0.7285835146903992,0,100.00931890656418,0,4345.13330078125,0,≥70% coverage
3km,3000,subcounty,Gatundu South,16749.6875,16749.6875,0,100,0.2596056835188802,0.27068942083988656,0,0,NA,NA,1591.3302001953125,0,≥70% coverage
3km,3000,subcounty,Gem,29322.568359375,29322.568359375,0,100,0.4544744731186559,0.47387803782829985,0,0,NA,NA,0,0,≥70% coverage
3km,3000,subcounty,Gichugu,18840.302734375,18832.82421875,7.478515625,99.9603057565983,0.2920084132351753,0.30435470993430935,7.478551864624023,0,100.0004845831157,0,23823.443359375,0,≥70% coverage
3km,3000,subcounty,Gilgil,30202.9921875,29085.408203125,1117.583984375,96.29975739676041,0.4681202817157835,0.4700453248095281,1053.737060546875,63.84782409667969,94.28705808952417,5.713022465366312,46378.34375,306.0279235839844,≥70% coverage
3km,3000,subcounty,Githunguri,22737.083984375,22737.083984375,0,100,0.3524051555582668,0.36745092081976627,0,0,NA,NA,0,0,≥70% coverage
3km,3000,subcounty,Hamisi,24408.798828125,24408.798828125,0,100,0.3783152911748493,0.3944672769675529,0,0,NA,NA,226.87571716308594,0,≥70% coverage
3km,3000,subcounty,Homa Bay,19589.1875,19589.1875,0,100,0.30361548002116484,0.31657819401698956,0,0,NA,NA,0,0,≥70% coverage
3km,3000,subcounty,Igembe Central,29966.982421875,29537.15625,429.826171875,98.5656674875571,0.4644623342751396,0.4773459635333337,429.82598876953125,0,99.99995740011178,0,51785.6796875,0,≥70% coverage
3km,3000,subcounty,Igembe North,23499.7421875,22929.876953125,569.865234375,97.57501495195925,0.3642256987244331,0.3705666217576459,559.80474853515625,10.061440467834473,98.23458508556368,1.765582432637668,94785.5,73.6047134399414,≥70% coverage
3km,3000,subcounty,Igembe South,23460.6640625,23246.771484375,213.892578125,99.0882927373446,0.3636200215527688,0.37568791116268047,213.8921356201172,0,99.99979311816863,0,71619.8125,0.43051204085350037,≥70% coverage
3km,3000,subcounty,Ijara,9349.5595703125,6842.89306640625,2506.66650390625,73.18946967442588,0.14491009476155686,0.11058706384908873,2502.810791015625,3.8559863567352295,99.84618165660983,0.15382925294315275,903332.875,122.22166442871094,≥70% coverage
3km,3000,subcounty,Ikolomani,17884.5625,17884.5625,0,100,0.2771952654190494,0.2890299813115769,0,0,NA,NA,0,0,≥70% coverage
3km,3000,subcounty,Isiolo North,25368.81640625,20554.740234375,4814.076171875,81.02364692627529,0.39319473412321954,0.3321823603907406,4814.07568359375,0,99.99998985721803,0,1694975.5,0,≥70% coverage
3km,3000,subcounty,Isiolo South,15897.123046875,10474.9580078125,5422.1650390625,65.89216160009298,0.24639167116208754,0.16928437121330756,5422.1650390625,0,100,0,1114789.125,0,50–69% coverage
3km,3000,subcounty,Jomvu,11302.9521484375,11302.9521484375,0,100,0.17518599187455366,0.18266547186874374,0,0,NA,NA,0.0627841204404831,0,≥70% coverage
3km,3000,subcounty,Juja,61620.5078125,61478.3046875,142.203125,99.76922759962852,0.9550646272919756,0.9935425177381642,142.08352661132812,0.11925837397575378,99.91589608971542,0.08386480534499773,916.69354248046875,3.603330135345459,≥70% coverage
3km,3000,subcounty,Kabete,22402.724609375,22402.724609375,0,100,0.3472228741522513,0.36204738445103485,0,0,NA,NA,0,0,≥70% coverage
3km,3000,subcounty,Kabondo Kasipul,19195.033203125,19195.033203125,0,100,0.2975064289924732,0.3102083200511233,0,0,NA,NA,0,0,≥70% coverage
3km,3000,subcounty,Kabuchai,28864.330078125,28864.330078125,0,100,0.4473721757045445,0.4664725113097766,0,0,NA,NA,0,0,≥70% coverage
3km,3000,subcounty,Kacheliba,18223.439453125,9290.66796875,8932.771484375,50.98196744169945,0.28244756538254484,0.15014522101839947,8931.8056640625,0,99.98918789858008,0,382811.625,0,50–69% coverage
3km,3000,subcounty,Kaiti,18070.318359375,18070.318359375,0,100,0.28007432073519684,0.292031956482268,0,0,NA,NA,0,0,≥70% coverage
3km,3000,subcounty,Kajiado Central,15504.248046875,11421.8349609375,4082.4130859375,73.66906751236903,0.2403024481295695,0.18458672082717606,4082.41357421875,0,100.00001196060369,0,278099.03125,0,≥70% coverage
3km,3000,subcounty,Kajiado East,28810.919921875,25395.73046875,3415.189453125,88.14619782226399,0.44654436443223683,0.41041694493654274,3188.37451171875,226.81414794921875,93.35864248471756,6.64133428210482,159083.265625,663.12158203125,≥70% coverage
3km,3000,subcounty,Kajiado North,30720.802734375,30720.802734375,0,100,0.4761458977730842,0.49647471332849474,0,0,NA,NA,0,0,≥70% coverage
3km,3000,subcounty,Kajiado South,17830.20703125,15160.193359375,2670.013671875,85.02533556006715,0.27635280261979817,0.2450018222889181,2531.413330078125,138.34933471679688,94.80900254343852,5.181596490464483,566744.875,433.9227600097656,≥70% coverage
3km,3000,subcounty,Kajiado West,18517.2265625,13646.8564453125,4870.3701171875,73.69816640332797,0.2870010117282354,0.22054499031499622,4734.6767578125,134.56492614746094,97.2139004611551,2.7629301862004763,683569.5,346.3044738769531,≥70% coverage
3km,3000,subcounty,Kaloleni,13932.482421875,13555.5166015625,376.9658203125,97.29433844667453,0.21594143904151306,0.21906885952722527,309.7640075683594,67.2025375366211,82.17296923937795,17.827223030701038,10113.078125,334.66717529296875,≥70% coverage
3km,3000,subcounty,Kamukunji,35221.00390625,35221.00390625,0,100,0.5458951274943596,0.5692018522006572,0,0,NA,NA,0,0,≥70% coverage
3km,3000,subcounty,Kandara,22110.8515625,22110.8515625,0,100,0.34269909412144633,0.3573304638507331,0,0,NA,NA,0,0,≥70% coverage
3km,3000,subcounty,Kanduyi,47235.8515625,47235.8515625,0,100,0.7321148846197387,0.763372170515538,0,0,NA,NA,28.583473205566406,0,≥70% coverage
3km,3000,subcounty,Kangema,15059.6669921875,15059.6669921875,0,100,0.23341182592651685,0.24337722934572903,0,0,NA,NA,11217.8388671875,0,≥70% coverage
3km,3000,subcounty,Kangundo,13119.8564453125,13119.8564453125,0,100,0.20334643856220824,0.2120282150150021,0,0,NA,NA,0,0,≥70% coverage
3km,3000,subcounty,Kapenguria,26645.541015625,23977.55859375,2667.982421875,89.98713360591745,0.41298286240216037,0.38749806221140737,2667.700927734375,0,99.98944917558987,0,74419.0234375,0,≥70% coverage
3km,3000,subcounty,Kapseret,28328.677734375,28328.677734375,0,100,0.43907002721206023,0.4578159066596173,0,0,NA,NA,0,0,≥70% coverage
3km,3000,subcounty,Karachuonyo,28018.77734375,28018.77734375,0,100,0.4342668389298328,0.45280764860964856,0,0,NA,NA,0,0,≥70% coverage
3km,3000,subcounty,Kasarani,89181.0234375,88863.4375,317.5859375,99.64388619320727,1.3822288055466985,1.436109923287611,187.63990783691406,129.9454345703125,59.08319156509065,40.916621054832596,2946.93701171875,250.86134338378906,≥70% coverage
3km,3000,subcounty,Kasipul,20636.703125,20636.703125,0,100,0.3198510670925554,0.33350695151482246,0,0,NA,NA,0,0,≥70% coverage
3km,3000,subcounty,Kathiani,15200.5615234375,15197.185546875,3.3759765625,99.97779044835092,0.23559556941959567,0.24559964799820228,3.3754160404205322,0,99.98339674256943,0,42.812862396240234,0,≥70% coverage
3km,3000,subcounty,Keiyo North,14056.974609375,13908.2470703125,148.7275390625,98.94196622534048,0.21787096037907222,0.2247692886426054,148.727783203125,0,100.00016415293803,0,10860.9833984375,0,≥70% coverage
3km,3000,subcounty,Keiyo South,16450.8203125,16308.4580078125,142.3623046875,99.13461880937739,0.2549735003517434,0.26355877104730313,142.36343383789062,0,100.00079315264887,0,7351.943359375,0,≥70% coverage
3km,3000,subcounty,Kesses,23764.83984375,23726.74609375,38.09375,99.83970542090559,0.36833448333608837,0.38344471552273607,38.0920295715332,0,99.99548369885665,0,11883.0625,0,≥70% coverage
3km,3000,subcounty,Khwisero,18263.70703125,18263.70703125,0,100,0.2830716780498881,0.2951572844973034,0,0,NA,NA,0,0,≥70% coverage
3km,3000,subcounty,Kiambaa,35377.01171875,35377.01171875,0,100,0.548313113788035,0.5717230732331166,0,0,NA,NA,0,0,≥70% coverage
3km,3000,subcounty,Kiambu,18628.380859375,18617.69921875,10.681640625,99.94265931802857,0.28872380728584174,0.3008781040777415,10.681178092956543,0,99.99566984080728,0,11.605378150939941,0,≥70% coverage
3km,3000,subcounty,Kibra,21209.4609375,21209.4609375,0,100,0.328728318289322,0.3427632125971349,0,0,NA,NA,0,0,≥70% coverage
3km,3000,subcounty,Kibwezi East,20600.552734375,19502.287109375,1098.265625,94.66875651755021,0.3192907672739661,0.31517380862717015,1098.2652587890625,0,99.9999666555222,0,118950.84375,0,≥70% coverage
3km,3000,subcounty,Kibwezi West,19034.6640625,18296.5625,738.1015625,96.12232945075124,0.2950208458813084,0.2956882572576824,738.10174560546875,0,100.00002480762514,0,70980.71875,0,≥70% coverage
3km,3000,subcounty,Kieni,28016.505859375,27761.390625,255.115234375,99.08941095061778,0.4342316328847186,0.44864805686620163,255.11590576171875,0,100.00026316998292,0,82467.703125,0,≥70% coverage
3km,3000,subcounty,Kigumo,21769.546875,21767.111328125,2.435546875,99.98881213794212,0.33740916637284596,0.35177532468993766,2.435349464416504,0,99.99189460956295,0,4525.59521484375,0,≥70% coverage
3km,3000,subcounty,Kiharu,20676.90625,20676.90625,0,100,0.3204741807921525,0.33415666874818595,0,0,NA,NA,0,0,≥70% coverage
3km,3000,subcounty,Kikuyu,32334.775390625,32304.865234375,29.91015625,99.90749848765404,0.501161079376118,0.5220745318743144,29.909746170043945,0,99.99862896083648,0,1860.6070556640625,0,≥70% coverage
3km,3000,subcounty,Kilgoris,24082.115234375,21446.451171875,2635.6640625,89.0555126206778,0.373251977745875,0.3465931795316032,2635.0498046875,0.6139608025550842,99.97669438145628,0.023294349658989754,116196.859375,2.673356533050537,≥70% coverage
3km,3000,subcounty,Kilifi North,23485.763671875,23275.30078125,210.462890625,99.10387035497152,0.3640090438105186,0.3761489692479768,155.16354370117188,55.300086975097656,73.7248943224106,26.275457307877907,19346.80859375,257.4578552246094,≥70% coverage
3km,3000,subcounty,Kilifi South,20176.53125,20167.65625,8.875,99.95601325178231,0.3127188006460596,0.32592674878324857,8.874991416931152,0,99.9999032893651,0,466.6440124511719,0,≥70% coverage
3km,3000,subcounty,Kilimani,29718.95703125,29718.95703125,0,100,0.460618155029214,0.4802840212245475,0,0,NA,NA,0,0,≥70% coverage
3km,3000,subcounty,Kilome,17601.943359375,16226.8935546875,1375.0498046875,92.18807959659107,0.27281491293919136,0.2622406190174502,1375.0498046875,0,100,0,22497.486328125,0,≥70% coverage
3km,3000,subcounty,Kimilili,26039.8359375,26039.8359375,0,100,0.403594957056613,0.42082624578443867,0,0,NA,NA,0,0,≥70% coverage
3km,3000,subcounty,Kiminini,34682.3203125,34682.3203125,0,100,0.5375459972460565,0.560496259931659,0,0,NA,NA,0,0,≥70% coverage
3km,3000,subcounty,Kinango,24462.083984375,19198.955078125,5263.12890625,78.48454404125262,0.37914116505516443,0.31027170093941486,5115.51318359375,147.61605834960938,97.19528582169144,2.8047205565175184,344623.1875,528.2462158203125,≥70% coverage
3km,3000,subcounty,Kinangop,20753.3359375,20750.259765625,3.076171875,99.98517745829267,0.3216587749085843,0.33534212493422527,3.0764729976654053,0,100.0097888764881,0,10762.5302734375,0,≥70% coverage
3km,3000,subcounty,Kipipiri,20827.763671875,20391.41796875,436.345703125,97.9049805346398,0.3228123404813858,0.3295429314764824,436.34613037109375,0,100.00009791458714,0,20040.357421875,0,≥70% coverage
3km,3000,subcounty,Kipkelion East,19051.927734375,18991.111328125,60.81640625,99.68078607531,0.29528841787852655,0.3069127663734601,43.31849670410156,17.49859046936035,71.22830725319545,28.772812384586356,18710.07421875,77.49236297607422,≥70% coverage
3km,3000,subcounty,Kipkelion West,18451.10546875,18451.10546875,0,100,0.28597619190768736,0.29818580514959464,0,0,NA,NA,57.09209442138672,0,≥70% coverage
3km,3000,subcounty,Kirinyaga Central,17006.181640625,17006.181640625,0,100,0.26358112107229975,0.27483458774969344,0,0,NA,NA,9434.6904296875,0,≥70% coverage
3km,3000,subcounty,Kisauni,15392.8291015625,15372.654296875,20.1748046875,99.86893374470421,0.2385755507498539,0.24843537459387752,4.283587455749512,15.89181900024414,21.23236146322426,78.77062130911467,84.20320892333984,104.13243865966797,≥70% coverage
3km,3000,subcounty,Kisumu Central,28937.48828125,28937.48828125,0,100,0.448506064639922,0.4676548110770763,0,0,NA,NA,0,0,≥70% coverage
3km,3000,subcounty,Kisumu East,36774.2890625,36765.41015625,8.87890625,99.9758556685218,0.5699697052850206,0.5941607914855842,7.95130729675293,0,89.55277905713814,0,365.15093994140625,0,≥70% coverage
3km,3000,subcounty,Kisumu West,29481.2421875,29479.9609375,1.28125,99.99565401623225,0.4569337803509221,0.4764216378696232,0.7240614295005798,0,56.51211157077696,0,159.55604553222656,0,≥70% coverage
3km,3000,subcounty,Kitui Central,20143.88671875,20000.201171875,143.685546875,99.28670395698137,0.3122128386185108,0.32322053004845996,143.68446350097656,0,99.99924601043946,0,1487.9605712890625,0,≥70% coverage
3km,3000,subcounty,Kitui East,19850.4609375,17408.296875,2442.1640625,87.69719217004958,0.30766499254654867,0.2813331173433867,2442.16357421875,0,99.99998000620607,0,305234.34375,0,≥70% coverage
3km,3000,subcounty,Kitui Rural,16017.7646484375,14811.4716796875,1206.29296875,92.46903050939963,0.24826151174475183,0.23936617866816864,1206.29248046875,0,99.99995952216729,0,36299.859375,0,≥70% coverage
3km,3000,subcounty,Kitui South,25860.580078125,23104.447265625,2756.1328125,89.34233956015795,0.4008166461240771,0.37338782882711885,2756.1318359375,0,99.99996456765452,0,1168839.125,0,≥70% coverage
3km,3000,subcounty,Kitui West,16125.3212890625,16125.3212890625,0,100,0.24992854673907325,0.26059912345191044,0,0,NA,NA,0,0,≥70% coverage
3km,3000,subcounty,Kitutu Chache North,17653.6484375,17653.6484375,0,100,0.273616296973851,0.2852982105640982,0,0,NA,NA,0,0,≥70% coverage
3km,3000,subcounty,Kitutu Chache South,19988.89453125,19988.89453125,0,100,0.3098105936347746,0.3230378049676233,0,0,NA,NA,0,0,≥70% coverage
3km,3000,subcounty,Kitutu Masaba,32909.91015625,32909.91015625,0,100,0.5100751712924925,0.5318525805384735,0,0,NA,NA,0,0,≥70% coverage
3km,3000,subcounty,Konoin,23090.244140625,22908.537109375,181.70703125,99.21305712428435,0.35787883282865857,0.37022175144615493,164.78839111328125,16.917654037475586,90.68905588279553,9.310401430861297,41119.8984375,24.35344696044922,≥70% coverage
3km,3000,subcounty,Kuresoi North,26612.576171875,26597.3984375,15.177734375,99.94296781237195,0.4124719358076307,0.4298369374888086,14.13154125213623,1.0466899871826172,93.10705341775511,6.896220221818298,3150.248779296875,0.9536595940589905,≥70% coverage
3km,3000,subcounty,Kuresoi South,22784.896484375,22766.150390625,18.74609375,99.91772578926195,0.3531462079954091,0.36792065905659666,18.70862579345703,0.03866096958518028,99.80012925869973,0.20623480337166392,61.141693115234375,2.3178551197052,≥70% coverage
3km,3000,subcounty,Kuria East,19300.62890625,19300.611328125,0.017578125,99.9999089245999,0.29914307114991184,0.31191455376501265,0.016812654212117195,0,95.64532174004448,0,20.997568130493164,0,≥70% coverage
3km,3000,subcounty,Kuria West,31549.830078125,31549.830078125,0,100,0.48899510527203366,0.5098725114390635,0,0,NA,NA,0,0,≥70% coverage
3km,3000,subcounty,Kwanza,26183.71484375,26142.087890625,41.626953125,99.84101968199163,0.40582495578351346,0.4224787256871923,29.854856491088867,11.771978378295898,71.720013716687,28.279702199068645,313.2862243652344,25.296010971069336,≥70% coverage
3km,3000,subcounty,Lafey,6645.822265625,4415.21337890625,2230.60888671875,66.43592323772482,0.10300450272953279,0.0713536627128507,2230.608642578125,0,99.99998905497837,0,391365.40625,0,50–69% coverage
3km,3000,subcounty,Lagdera,11643.935546875,4907.42529296875,6736.51025390625,42.14576139839425,0.18047093992029825,0.07930823248903728,6736.509765625,0,99.99999275171815,0,722315.4375,5.05705451965332,<50% coverage
3km,3000,subcounty,Laikipia East,39500.890625,37310.71484375,2190.17578125,94.45537620393843,0.612229673557053,0.6029733863498555,2121.55419921875,68.62120819091797,96.8668459116973,3.1331370193379526,161329.75,156.51589965820312,≥70% coverage
3km,3000,subcounty,Laikipia North,13598.62109375,8945.146484375,4653.474609375,65.77980533986816,0.21076687693171778,0.1445612953186987,4644.66552734375,8.809009552001953,99.81069882677552,0.18929961569479964,454423.0625,126.99164581298828,50–69% coverage
3km,3000,subcounty,Laikipia West,21865.998046875,20283.30859375,1582.689453125,92.76186959437148,0.3389040761973311,0.32779579057572755,1582.689453125,0,100,0,72208.0703125,0,≥70% coverage
3km,3000,subcounty,Laisamis,9775.181640625,4515.90576171875,5259.27587890625,46.19766596408754,0.15150686908849267,0.07298093861196844,5216.76611328125,37.02177810668945,99.19171827826152,0.7039329930414056,2437688,74.0060043334961,<50% coverage
3km,3000,subcounty,Lamu East,1118.7493896484375,1004.9446411132812,113.80474853515625,89.82750296105914,0.01733964887321108,0.01624077361915569,113.80479431152344,0,100.00004022360032,0,236838.4375,0,≥70% coverage
3km,3000,subcounty,Lamu West,9969.3251953125,7449.38916015625,2519.93603515625,74.72310326138117,0.1545159264345138,0.12038856470448324,2515.9736328125,3.9629383087158203,99.84275782049744,0.15726344849344942,380822.15625,77.77507781982422,≥70% coverage
3km,3000,subcounty,Langata,37839.70703125,37833.46875,6.23828125,99.98351392825306,0.5864827632158411,0.6114215411064503,6.238062858581543,0,99.99649917325453,0,5560.2958984375,3.074950933456421,≥70% coverage
3km,3000,subcounty,Lari,19176.44140625,19174.16796875,2.2734375,99.98814463303259,0.2972182722053345,0.3098711198371696,2.273566246032715,0,100.00566305573453,0,9925.322265625,0,≥70% coverage
3km,3000,subcounty,Likoni,21055.01171875,21050.96484375,4.046875,99.98077951675327,0.32633448885205335,0.3402017787899327,2.9030065536499023,1.1437976360321045,71.73452487783543,28.263725369133084,168.6665802001953,26.91956901550293,≥70% coverage
3km,3000,subcounty,Likuyani,25875.587890625,25875.513671875,0.07421875,99.99971317076809,0.40104925425018007,0.41817065600623354,0.0756847932934761,0,101.97530043752569,0,1140.673828125,0,≥70% coverage
3km,3000,subcounty,Limuru,22128.4296875,22106.943359375,21.486328125,99.90290170414967,0.34297153987039575,0.35726730391175326,21.487627029418945,0,100.00604526008998,0,3746.70556640625,0,≥70% coverage
3km,3000,subcounty,Loima,11198.7421875,4444.8544921875,6753.8876953125,39.69065827007637,0.17357082752365724,0.07183268871182238,6753.8876953125,0,100,0,1057324.375,0.7897137999534607,<50% coverage
3km,3000,subcounty,Luanda,17840.21484375,17840.21484375,0,100,0.2765079150662,0.28831328487255864,0,0,NA,NA,0,0,≥70% coverage
3km,3000,subcounty,Lugari,29656.9765625,29656.9765625,0,100,0.45965751131841853,0.4792823633017162,0,0,NA,NA,29.283187866210938,0,≥70% coverage
3km,3000,subcounty,Lunga Lunga,16618.404296875,14664.6875,1953.716796875,88.24365587710255,0.25757090730697696,0.23699401951068783,1924.37158203125,29.34562110900879,98.49798011202606,1.5020406824544663,109204.7578125,106.92876434326172,≥70% coverage
3km,3000,subcounty,Lurambi,30582.41796875,30582.41796875,0,100,0.47400105347860544,0.49423829595891133,0,0,NA,NA,0,0,≥70% coverage
3km,3000,subcounty,Maara,16619.37109375,16619.37109375,0,100,0.25758589182316916,0.2685833951284368,0,0,NA,NA,20232.806640625,0,≥70% coverage
3km,3000,subcounty,Machakos,30843.654296875,30721.52734375,122.126953125,99.6040451240002,0.4780499908407414,0.4964864236420187,122.1278305053711,0,100.00071841665468,0,25905.265625,0,≥70% coverage
3km,3000,subcounty,Magarini,18603.306640625,16462.689453125,2140.6171875,88.49335105391735,0.2883351785608404,0.26605128445132575,2134.765869140625,5.851385593414307,99.72665274325819,0.2733503976135063,647269.1875,48.38005065917969,≥70% coverage
3km,3000,subcounty,Makadara,29413.15625,29413.15625,0,100,0.45587850714999156,0.4753420164039233,0,0,NA,NA,0,0,≥70% coverage
3km,3000,subcounty,Makueni,35919.93359375,35444.9453125,474.98828125,98.67764710641713,0.556727933733585,0.5728209387991314,474.98797607421875,0,99.999935750882,0,5551.09326171875,0,≥70% coverage
3km,3000,subcounty,Malava,37801.35546875,37801.35546875,0,100,0.5858883471351334,0.6109025627372819,0,0,NA,NA,0,0,≥70% coverage
3km,3000,subcounty,Malindi,17292.26953125,17180.451171875,111.818359375,99.35336215311168,0.2680152361799504,0.2776509339343074,111.81719207763672,0,99.99895607718643,0,20388.31640625,0,≥70% coverage
3km,3000,subcounty,Mandera East,12958.8544921875,12222.138671875,736.7158203125,94.31496186058233,0.20085104740408125,0.19752032021580246,736.71563720703125,0,99.99997514571241,0,256255.71875,0,≥70% coverage
3km,3000,subcounty,Mandera North,13008.0556640625,9943.2890625,3064.7666015625,76.43947196482588,0.20161362305539055,0.1606921417233428,3063.247314453125,1.5187351703643799,99.95042731447803,0.04955467635251859,676343.9375,139.2501220703125,≥70% coverage
3km,3000,subcounty,Mandera South,18058.693359375,14044.05078125,4014.642578125,77.76891994214611,0.27989414327989165,0.22696399393854474,3971.18896484375,43.454078674316406,98.91762186955272,1.0823897228383208,611316.3125,119.37151336669922,≥70% coverage
3km,3000,subcounty,Mandera West,8461.69140625,6027.41162109375,2434.27978515625,71.2317588968296,0.13114890538974927,0.09740817916020636,2434.27978515625,0,100,0,573740.1875,1.654026985168457,≥70% coverage
3km,3000,subcounty,Manyatta,25588.51953125,25588.509765625,0.009765625,99.99996183591243,0.39659994272408805,0.4135324249251106,0.010520076379179955,0,107.72558212280275,0,10257.73828125,0,≥70% coverage
3km,3000,subcounty,Maragua,28982.865234375,28940.439453125,42.42578125,99.85361771202773,0.4492093682049598,0.467702504564232,36.5404052734375,5.884535312652588,86.12783123101003,13.87018727593281,1730.3463134765625,12.272634506225586,≥70% coverage
3km,3000,subcounty,Marakwet East,13655.6962890625,13579.220703125,76.4755859375,99.43997300233784,0.2116514931426814,0.2194519382875593,76.475830078125,0,100.00031923995351,0,27869.1015625,0,≥70% coverage
3km,3000,subcounty,Marakwet West,19129.84375,19110.54296875,19.30078125,99.8991064354616,0.29649604879661956,0.30884288486855077,19.299549102783203,0,99.99361607594616,0,6232.03759765625,0,≥70% coverage
3km,3000,subcounty,Masinga,21099.7109375,20245.169921875,854.541015625,95.9499870962391,0.3270272881198817,0.3271794366884418,854.5408935546875,0,99.99998571510199,0,11526.376953125,0,≥70% coverage
3km,3000,subcounty,Matayos,26426.41015625,26426.41015625,0,100,0.40958652342400775,0.4270736191390203,0,0,NA,NA,0,0,≥70% coverage
3km,3000,subcounty,Mathare,18913.708984375,18913.708984375,0,100,0.2931461466827878,0.30566187762694846,0,0,NA,NA,0,0,≥70% coverage
3km,3000,subcounty,Mathioya,16264.193359375,16264.193359375,0,100,0.25208094383514795,0.2628434160862492,0,0,NA,NA,5833.56640625,0,≥70% coverage
3km,3000,subcounty,Mathira,22279.8984375,22256.294921875,23.603515625,99.89405914173616,0.3453191746173425,0.35968095419356644,23.603734970092773,0,100.00092928992552,0,18613.251953125,0,≥70% coverage
3km,3000,subcounty,Matuga,16184.15625,15572.0927734375,612.0634765625,96.21813168936441,0.25084043779668175,0.25165847267937264,612.0634765625,0,100,0,21617.392578125,0,≥70% coverage
3km,3000,subcounty,Matungu,27987.689453125,27987.689453125,0,100,0.43378500348694093,0.45230524143886314,0,0,NA,NA,3.573643922805786,0,≥70% coverage
3km,3000,subcounty,Matungulu,23408.54296875,22515.765625,892.77734375,96.18610459889861,0.36281218963538403,0.36387422492496513,783.90301513671875,108.87422180175781,87.80498526587064,12.19500277016946,7400.94384765625,250.89028930664062,≥70% coverage
3km,3000,subcounty,Mavoko,52064.34765625,50628.19140625,1436.15625,97.24157448493912,0.806952401963642,0.8181953131918871,1024.56396484375,411.59429931640625,71.34070299410318,28.65943725248602,26508.771484375,931.5006103515625,≥70% coverage
3km,3000,subcounty,Mbooni,29100.75390625,29090.681640625,10.072265625,99.96538830005075,0.4510365407561637,0.4701305481154978,10.072067260742188,0,99.99803058949001,0,114.16310119628906,0,≥70% coverage
3km,3000,subcounty,Mogotio,13148.0205078125,12826.9306640625,321.08984375,97.55788452292717,0.20378295719552494,0.2072942813176938,321.0904235839844,0,100.00018058309712,0,16780.103515625,0,≥70% coverage
3km,3000,subcounty,Moiben,27356.09375,27214.333984375,141.759765625,99.48179821680499,0.42399581582494106,0.43980714892583583,97.64885711669922,44.11149597167969,68.88333702174123,31.117077385955,993.74261474609375,127.65451049804688,≥70% coverage
3km,3000,subcounty,Molo,21815.888671875,20970.390625,845.498046875,96.12439328238315,0.3381274241823261,0.3388996298030896,736.93634033203125,108.56253814697266,87.16002870211021,12.840069654592915,12888.9033203125,261.1866149902344,≥70% coverage
3km,3000,subcounty,Mosop,23330.4453125,23330.4453125,0,100,0.36160174344455187,0.37704015251492135,0,0,NA,NA,266.50732421875,0,≥70% coverage
3km,3000,subcounty,Moyale,13392.953125,10877.5048828125,2515.4482421875,81.21812106179905,0.20757920112551043,0.1757898764924154,2515.448486328125,0,100.00000970565091,0,1015873.25,0,≥70% coverage
3km,3000,subcounty,Msambweni,13377.857421875,13278.404296875,99.453125,99.25658405629754,0.2073452307706627,0.21459048527317032,98.73285675048828,0.7201501131057739,99.27577112382167,0.7241100901613438,2946.857177734375,4.662736892700195,≥70% coverage
3km,3000,subcounty,Mt. Elgon,35194.640625,34781.24609375,413.39453125,98.82540488009316,0.5454865194144353,0.5620949860232768,413.3941345214844,0,99.99990403150365,0,62300.1015625,0,≥70% coverage
3km,3000,subcounty,Muhoroni,24118.37890625,23984.49609375,133.8828125,99.44489298795573,0.37381403332595753,0.3876101782050387,133.88172912597656,0,99.99919080425396,0,2599.94384765625,0,≥70% coverage
3km,3000,subcounty,Mukurweni,12268.4013671875,12268.4013671875,0,100,0.19014962055934925,0.1982679653405627,0,0,NA,NA,0,0,≥70% coverage
3km,3000,subcounty,Mumias East,20082.939453125,20082.158203125,0.78125,99.9961098822121,0.3112682086634036,0.32454502647997957,0.7822384834289551,0,100.12652587890625,0,263.19024658203125,0,≥70% coverage
3km,3000,subcounty,Mumias West,17070.5859375,17070.5859375,0,100,0.2645793320247003,0.27587541682908334,0,0,NA,NA,0,0,≥70% coverage
3km,3000,subcounty,Mvita,11844.474609375,11844.474609375,0,100,0.18357912211131217,0.19141694268412235,0,0,NA,NA,0,0,≥70% coverage
3km,3000,subcounty,Mwala,25589.841796875,25589.841796875,0,100,0.39662043669875896,0.4135539517009148,0,0,NA,NA,12.657868385314941,0,≥70% coverage
3km,3000,subcounty,Mwatate,7252.16796875,6547.92724609375,704.24072265625,90.28923867054841,0.11240233720904184,0.10582016135804508,704.24066162109375,0,99.99999133319697,0,372982.96875,0,≥70% coverage
3km,3000,subcounty,Mwea,27704.234375,27216.1875,488.046875,98.23836721710524,0.4293916946981329,0.43983710333967485,488.0461730957031,0,99.99985618096686,0,2512.906494140625,0,≥70% coverage
3km,3000,subcounty,Mwingi East,18677.859375,16517.509765625,2160.349609375,88.43363382279989,0.2894906815256344,0.2669372280631625,2160.34912109375,0,99.99997739804483,0,243501.40625,0,≥70% coverage
3km,3000,subcounty,Mwingi North,23050.576171875,19831.515625,3219.060546875,86.03479356493173,0.3572640135885295,0.3204944258756118,3219.061767578125,0,100.00003792109864,0,232013.640625,0,≥70% coverage
3km,3000,subcounty,Mwingi West,19910.953125,19713.650390625,197.302734375,99.00907438666374,0.3086025691839331,0.31858962185881284,197.30238342285156,0,99.99982212504578,0,3454.645751953125,0,≥70% coverage
3km,3000,subcounty,Naivasha,48809.1171875,46569.76171875,2239.35546875,95.41201398880557,0.7564991424117053,0.7526075831743104,1913.0184326171875,326.33697509765625,85.42718917622433,14.572808098207664,87262.8671875,1541.24755859375,≥70% coverage
3km,3000,subcounty,Nakuru Town East,27686.943359375,27649.625,37.318359375,99.86521314797878,0.42912369889641633,0.4468418278066411,37.31954574584961,0,100.00317905414246,0,3580.691162109375,0.2644596993923187,≥70% coverage
3km,3000,subcounty,Nakuru Town West,30409.04296875,30405.875,3.16796875,99.9895821491217,0.47131389078496794,0.49138520906016825,3.1687850952148438,0,100.0257687268804,0,2450.62255859375,0,≥70% coverage
3km,3000,subcounty,Nambale,18495.173828125,18495.173828125,0,100,0.2866592134003035,0.2988979879098153,0,0,NA,NA,0,0,≥70% coverage
3km,3000,subcounty,Nandi Hills,17171.580078125,17168.322265625,3.2578125,99.9810278816208,0.26614465393941394,0.27745492033057695,3.2583627700805664,0,100.01689078424761,0,3081.118896484375,0,≥70% coverage
3km,3000,subcounty,Narok East,11512.3349609375,9451.0361328125,2061.298828125,82.09486750412324,0.17843124454903894,0.1527369090992209,2044.894287109375,16.404958724975586,99.20416483084372,0.7958554335325498,109612.8671875,100.66720581054688,≥70% coverage
3km,3000,subcounty,Narok North,23329.7109375,19484.197265625,3845.513671875,83.51666815685337,0.36159036126659577,0.3148814611235065,3820.563232421875,24.94952964782715,99.35118058126784,0.6487957598565038,123410.4921875,222.8482208251953,≥70% coverage
3km,3000,subcounty,Narok South,22332.68359375,18501.357421875,3831.326171875,82.84430907825502,0.3461372989296876,0.2989979201271117,3826.779296875,4.547165870666504,99.88132372979942,0.11868386210619028,360745.4375,22.95018768310547,≥70% coverage
3km,3000,subcounty,Narok West,21226.798828125,15383.2060546875,5843.5927734375,72.47068283468688,0.3289970406130357,0.2486059001162855,5815.9404296875,27.651363372802734,99.5267920811372,0.4731911419032163,467368.375,115.53722381591797,≥70% coverage
3km,3000,subcounty,Navakholo,24437.4296875,24437.4296875,0,100,0.37875904475638805,0.39492997639059385,0,0,NA,NA,0,0,≥70% coverage
3km,3000,subcounty,Ndaragwa,15344.8466796875,15271.0166015625,73.830078125,99.51886076370687,0.2378318646704718,0.24679282162805996,73.82965087890625,0,99.99942131160552,0,19872.765625,0,≥70% coverage
3km,3000,subcounty,Ndhiwa,35460.66796875,35460.66796875,0,100,0.5496097133790351,0.573075030507671,0,0,NA,NA,0,0,≥70% coverage
3km,3000,subcounty,Ndia,22825.927734375,22820.455078125,5.47265625,99.97602438633082,0.35378215691695664,0.36879826972296076,5.471271514892578,0,99.9746972028908,0,1811.9873046875,0,≥70% coverage
3km,3000,subcounty,Nithi,19885.09375,19885.09375,0,100,0.3082017712154787,0.3213602946642645,0,0,NA,NA,16996.45703125,0,≥70% coverage
3km,3000,subcounty,Njoro,35734.9375,35224.4375,510.5,98.57142607287336,0.553860654128142,0.5692573420420997,237.197509765625,273.3060302734375,46.463762931562194,53.53693051389568,15441.333984375,355.16937255859375,≥70% coverage
3km,3000,subcounty,North Horr,12643.2587890625,2978.0244140625,9665.234375,23.554247079390212,0.19595958669919425,0.0481274473860853,9654.5556640625,0,99.88951420603807,0,4413579,0,<50% coverage
3km,3000,subcounty,North Imenti,25068.154296875,25068.154296875,0,100,0.38853473121793997,0.4051230309906383,0,0,NA,NA,10.383830070495605,0,≥70% coverage
3km,3000,subcounty,North Mugirango,19859.8828125,19859.8828125,0,100,0.3078110234679855,0.3209528641333543,0,0,NA,NA,0,0,≥70% coverage
3km,3000,subcounty,Nyakach,24088.013671875,24088.013671875,0,100,0.3733433984305224,0.38928311170122504,0,0,NA,NA,416.8940734863281,0,≥70% coverage
3km,3000,subcounty,Nyali,26364.642578125,26364.642578125,0,100,0.40862917933394954,0.4260754017126152,0,0,NA,NA,0,0,≥70% coverage
3km,3000,subcounty,Nyando,26605.541015625,26605.541015625,0,100,0.4123628969645512,0.4299685285860634,0,0,NA,NA,252.47715759277344,0,≥70% coverage
3km,3000,subcounty,Nyaribari Chache,31472.060546875,31472.060546875,0,100,0.48778974473518194,0.5086156886253214,0,0,NA,NA,0,0,≥70% coverage
3km,3000,subcounty,Nyaribari Masaba,19649.67578125,19649.67578125,0,100,0.3045529961150495,0.3175557369006501,0,0,NA,NA,0,0,≥70% coverage
3km,3000,subcounty,Nyatike,28634.3984375,28434.0234375,200.375,99.30022975535053,0.44380843394953745,0.45951838423520647,35.509151458740234,152.41433715820312,17.72134820149232,76.06454755244073,268.7184143066406,405.6105651855469,≥70% coverage
3km,3000,subcounty,Nyeri,19918.2421875,19918.2421875,0,100,0.3087155433544974,0.3218960020527529,0,0,NA,NA,0,0,≥70% coverage
3km,3000,subcounty,Ol Jorok,23170.98046875,23135.912109375,35.068359375,99.84865396860398,0.359130176153583,0.37389632788607174,35.06797790527344,0,99.99891221108327,0,196.80303955078125,0,≥70% coverage
3km,3000,subcounty,Ol Kalou,8998.0478515625,8796.607421875,201.4404296875,97.76128741466383,0.13946196684806653,0.14216077573884237,201.43988037109375,0,99.99972730578112,0,1396.666748046875,0.7605578899383545,≥70% coverage
3km,3000,subcounty,Othaya,12624.6865234375,12623.6611328125,1.025390625,99.99187789238889,0.19567173262955428,0.20400927007862096,1.0254513025283813,0,100.00591750372023,0,18587.818359375,0,≥70% coverage
3km,3000,subcounty,Pokot South,28873.529296875,27587.0234375,1286.505859375,95.54434151035966,0.44751475564649473,0.44583013247221787,1214.8477783203125,71.65794372558594,94.43002295461757,5.569966370802091,20333.828125,195.145263671875,≥70% coverage
3km,3000,subcounty,Rabai,11511.6357421875,11510.8974609375,0.73828125,99.99358665209242,0.17842040726258074,0.18602604777244308,0.7385395169258118,0,100.03498218677662,0,3.6973876953125,0,≥70% coverage
3km,3000,subcounty,Rangwe,18400.658203125,18400.658203125,0,100,0.2851943028799526,0.29737053375333805,0,0,NA,NA,0,0,≥70% coverage
3km,3000,subcounty,Rarieda,25215.26171875,25199.46484375,15.796875,99.93735192925539,0.39081476914739743,0.4072451228734727,3.903022050857544,0,24.707557987624412,0,311.2474365234375,0,≥70% coverage
3km,3000,subcounty,Rongai,25222.693359375,24298.974609375,923.71875,96.33774737361003,0.3909299531557032,0.39269242271026417,827.56591796875,96.15196228027344,89.59068092628303,10.409224916163435,12522.2841796875,307.60009765625,≥70% coverage
3km,3000,subcounty,Rongo,20221.455078125,20221.455078125,0,100,0.31341508116512456,0.32679618432507707,0,0,NA,NA,0,0,≥70% coverage
3km,3000,subcounty,Roysambu,53948.9375,53948.9375,0,100,0.8361619161435012,0.8718614390150407,0,0,NA,NA,0,0,≥70% coverage
3km,3000,subcounty,Ruaraka,12959.6962890625,12959.6962890625,0,100,0.20086409452828094,0.2094398885201384,0,0,NA,NA,0,0,≥70% coverage
3km,3000,subcounty,Ruiru,45086.828125,45000.47265625,86.35546875,99.80846852098225,0.6988068782231847,0.7272465161419557,86.16487121582031,0.19091834127902985,99.77928724499027,0.22108425099485068,3591.2890625,48.51824951171875,≥70% coverage
3km,3000,subcounty,Runyenjes,21647.7578125,21647.7578125,0,100,0.33552154113712523,0.3498464687623428,0,0,NA,NA,6568.515625,0,≥70% coverage
3km,3000,subcounty,Sabatia,20833.416015625,20833.416015625,0,100,0.32289994692554796,0.3366860017768062,0,0,NA,NA,0,0,≥70% coverage
3km,3000,subcounty,Saboti,32896.09765625,32670.63671875,225.4609375,99.31462710302003,0.509861089477318,0.5279857150689391,113.49613952636719,111.96687316894531,50.33960240956028,49.66131801387782,5586.54248046875,250.81454467773438,≥70% coverage
3km,3000,subcounty,Saku,7968.43115234375,7819.0576171875,149.37353515625,98.12543357280165,0.12350379766054367,0.1263627263440102,149.373779296875,0,100.0001634430254,0,200731.71875,0,≥70% coverage
3km,3000,subcounty,Samburu East,7458.87646484375,3689.187255859375,3769.689208984375,49.46036139957249,0.11560614028999948,0.05962045331642543,3769.68896484375,0,99.99999352358745,0,1089549.25,0,<50% coverage
3km,3000,subcounty,Samburu North,8519.751953125,5275.0537109375,3244.6982421875,61.915578528112405,0.13204879369852904,0.08524942533482886,3244.69775390625,0,99.99998495141263,0,870325,0,50–69% coverage
3km,3000,subcounty,Samburu West,14478.1826171875,12420.2939453125,2057.888671875,85.7862776959864,0.22439932055127185,0.20072268063017837,2000.7203369140625,57.16852951049805,97.22199088112721,2.7780185727156073,178012.234375,374.0953674316406,≥70% coverage
3km,3000,subcounty,Seme,20497.72265625,20488.810546875,8.912109375,99.95652146570399,0.3176969899143622,0.33111687968099424,0.0028010173700749874,0,0.03142934239488042,0,363.6075134277344,0,≥70% coverage
3km,3000,subcounty,Shinyalu,26720.435546875,26717.259765625,3.17578125,99.98811478486408,0.41414366292318405,0.43177400010512645,3.1739556789398193,0,99.94251584361547,0,6793.53125,0,≥70% coverage
3km,3000,subcounty,Siakago,15632.7548828125,15587.94140625,44.8134765625,99.71333602491413,0.24229419304901367,0.25191460027799917,44.81366729736328,0,100.0004256194295,0,1497.5006103515625,0,≥70% coverage
3km,3000,subcounty,Sigor,15359.875,12187.7275390625,3172.1474609375,79.34783023340034,0.23806479064994857,0.19696420658016242,2965.2412109375,206.9058837890625,93.47740757490351,6.522580880521654,167459.0625,513.6771240234375,≥70% coverage
3km,3000,subcounty,Sigowet/Soin,17602.625,17583.115234375,19.509765625,99.88916558964928,0.2728254777799006,0.28415833306465893,19.509445190429688,0,99.99835756832516,0,125.38200378417969,0,≥70% coverage
3km,3000,subcounty,Sirisia,19944.65625,19944.65625,0,100,0.3091249384999187,0.32232287612309923,0,0,NA,NA,0,0,≥70% coverage
3km,3000,subcounty,Sotik,29278.9140625,29278.9140625,0,100,0.45379786923701515,0.4731725466758072,0,0,NA,NA,0,0,≥70% coverage
3km,3000,subcounty,South Imenti,29733.23828125,29720.37109375,12.8671875,99.95672456737377,0.4608395020643604,0.48030687369622227,12.865490913391113,0,99.98681462744763,0,24561.25,0,≥70% coverage
3km,3000,subcounty,South Mugirango,28095.576171875,28095.576171875,0,100,0.4354571544069926,0.4540487840222548,0,0,NA,NA,0,0,≥70% coverage
3km,3000,subcounty,Soy,30934.1640625,30887.177734375,46.986328125,99.84810862181351,0.47945281400208173,0.49916347706765324,29.57828712463379,17.4081974029541,62.95083762652243,37.04949524176955,256.3969421386719,63.893009185791016,≥70% coverage
3km,3000,subcounty,Starehe,27005.4609375,27005.4609375,0,100,0.4185613101988982,0.4364315800331233,0,0,NA,NA,0,0,≥70% coverage
3km,3000,subcounty,Suba North,20030.111328125,19972.359375,57.751953125,99.71167432782109,0.310449418372561,0.32277058255712704,57.75168991088867,0,99.99954423340323,0,2075.83056640625,0,≥70% coverage
3km,3000,subcounty,Suba South,19191.576171875,19189.970703125,1.60546875,99.99163451331135,0.29745284799517985,0.3101265056773923,1.6053963899612427,0,99.9954929026954,0,5285.91455078125,0,≥70% coverage
3km,3000,subcounty,Subukia,14052.4716796875,13787.9541015625,264.517578125,98.11764375581447,0.21780116885971637,0.222825250340873,222.81419372558594,41.70358657836914,84.23417275516307,15.765903677925616,3701.515625,121.5042724609375,≥70% coverage
3km,3000,subcounty,Suna East,19860.501953125,19860.501953125,0,100,0.3078206196126985,0.32096286998075885,0,0,NA,NA,0,0,≥70% coverage
3km,3000,subcounty,Suna West,23814.685546875,23784.40625,30.279296875,99.87285451737165,0.3691070486648591,0.3843765534630469,0.08195481449365616,30.19646644592285,0.2706628718361088,99.72644533517706,1.4270232915878296,53.6163215637207,≥70% coverage
3km,3000,subcounty,Tarbaj,4615.8466796875,2539.030029296875,2076.816650390625,55.006810353344996,0.07154163516773834,0.041032918860453446,2076.816650390625,0,100,0,832613,0,50–69% coverage
3km,3000,subcounty,Taveta,8161.91748046875,7699.16162109375,462.755859375,94.33030460694607,0.1265026685627291,0.12442510346336608,444.6011962890625,18.154903411865234,96.07683777133427,3.923214162298306,416732.1875,71.44588470458984,≥70% coverage
3km,3000,subcounty,Teso North,22236.138671875,22236.138671875,0,100,0.344640936061208,0.3593552117796376,0,0,NA,NA,0,0,≥70% coverage
3km,3000,subcounty,Teso South,25433.412109375,25433.412109375,0,100,0.3941959117071087,0.4110259128039777,0,0,NA,NA,0.6928852796554565,0,≥70% coverage
3km,3000,subcounty,Tetu,11084.3564453125,11073.830078125,10.5263671875,99.90503402484904,0.171797947355869,0.178962661263201,10.526590347290039,0,100.00212000765376,0,21500.30859375,0,≥70% coverage
3km,3000,subcounty,Tharaka,17166.716796875,16414.76171875,751.955078125,95.61969194795662,0.2660692772822046,0.26527673085681025,751.95599365234375,0,100.00012175293051,0,20381.1484375,0,≥70% coverage
3km,3000,subcounty,Thika,43100.6328125,43086.046875,14.5859375,99.96615841450995,0.6680225670708985,0.6963077415548173,9.00864028930664,5.577574729919434,61.76250439374665,38.23939825547335,523.81329345703125,3.6472370624542236,≥70% coverage
3km,3000,subcounty,Tiaty,21347.74609375,13858.4326171875,7489.3134765625,64.91754472030584,0.3308716187245567,0.22396424404306517,7461.28466796875,28.02993392944336,99.6257492935572,0.3742657323286292,416976.3125,114.88079833984375,50–69% coverage
3km,3000,subcounty,Tigania East,26037.7734375,25660.794921875,376.978515625,98.55218605181474,0.40356299008873636,0.4147006155006442,376.9786071777344,0,100.00002428592893,0,32262.033203125,0,≥70% coverage
3km,3000,subcounty,Tigania West,18993.26171875,18987.9921875,5.26953125,99.97225578561476,0.29437914532728304,0.30686235836618836,5.269682884216309,0,100.00287756555781,0,1228.6995849609375,0,≥70% coverage
3km,3000,subcounty,Tinderet,16308.40234375,16258.7568359375,49.6455078125,99.69558325355196,0.2527661448937556,0.2627555571706319,6.258029460906982,43.38777160644531,12.605429446994806,87.39516125066389,3490.65380859375,96.280120849609375,≥70% coverage
3km,3000,subcounty,Tongaren,35829.3984375,35829.3984375,0,100,0.5553247170394962,0.5790340334462009,0,0,NA,NA,0,0,≥70% coverage
3km,3000,subcounty,Turbo,38563.24609375,38420.04296875,143.203125,99.6286538621467,0.5976969935035956,0.6209010872504035,67.90699005126953,75.29558563232422,47.420047608087835,52.579568799440814,347.025634765625,256.4794616699219,≥70% coverage
3km,3000,subcounty,Turkana Central,17256.2265625,14105.87109375,3150.35546875,81.74365955766872,0.2674566013076046,0.2279630635980095,3145.429931640625,1.9351813793182373,99.8436513860663,0.06142739759097978,579111.5625,8.141643524169922,≥70% coverage
3km,3000,subcounty,Turkana East,13134.1005859375,9106.060546875,4028.0400390625,69.33143603776519,0.2035672104341069,0.1471618055898974,3722.476318359375,305.54248046875,92.41408432538215,7.585388365202621,1270833.125,973.4796142578125,50–69% coverage
3km,3000,subcounty,Turkana North,10139.34375,2737.79541015625,7401.54833984375,27.001702256679582,0.1571510671259769,0.0442451391378672,7396.552734375,0,99.93250594011718,0,1513865.875,0.5576120615005493,<50% coverage
3km,3000,subcounty,Turkana South,14609.1162109375,9479.5859375,5129.5302734375,64.88815477012126,0.226428678119946,0.15319829860848497,5043.72265625,85.808013916015625,98.3271837261232,1.672824008084317,784976.875,249.2028350830078,50–69% coverage
3km,3000,subcounty,Turkana West,21759.451171875,13631.8828125,8127.568359375,62.64810038094977,0.3372526916976994,0.22030300347232323,6079.01025390625,2047.3348388671875,74.79494462687877,25.19000454183353,1594576.75,2278.025146484375,50–69% coverage
3km,3000,subcounty,Ugenya,22514.865234375,22514.865234375,0,100,0.3489609569435487,0.36385967383457546,0,0,NA,NA,0,0,≥70% coverage
3km,3000,subcounty,Ugunja,17113.439453125,17113.439453125,0,100,0.265243524488889,0.27656796666474354,0,0,NA,NA,0,0,≥70% coverage
3km,3000,subcounty,Uriri,22787.49609375,22629.10546875,158.390625,99.3049230843601,0.35318649969450366,0.365705894719567,31.950214385986328,126.44023132324219,20.1717837693906,79.8281030352915,91.74725341796875,310.84515380859375,≥70% coverage
3km,3000,subcounty,Vihiga,15230.48828125,15230.48828125,0,100,0.23605940830718194,0.24613784895749496,0,0,NA,NA,0,0,≥70% coverage
3km,3000,subcounty,Voi,8835.86328125,8089.91552734375,745.94775390625,91.5577263911589,0.13694824614538523,0.1307400241789756,695.9849853515625,49.96266174316406,93.30210885507046,6.69787682602813,914221.625,205.30894470214844,≥70% coverage
3km,3000,subcounty,Wajir East,8938.3095703125,8579.16796875,359.1416015625,95.98199638603539,0.13853607510613705,0.13864676632021006,359.1423645019531,0,100.00021243416239,0,462870.8125,0,≥70% coverage
3km,3000,subcounty,Wajir North,8542.359375,4786.0078125,3756.3515625,56.02676734142902,0.13239918920342778,0.07734602110641153,3756.351318359375,0,99.99999350059171,0,1150958.375,0,50–69% coverage
3km,3000,subcounty,Wajir South,24170.146484375,10113.1943359375,14056.9521484375,41.841675814729804,0.3746163860566134,0.16343795773121994,13841.318359375,215.6337432861328,98.46599898195947,1.5340006923912135,2456701,374.5745544433594,<50% coverage
3km,3000,subcounty,Wajir West,6780.47119140625,3578.248046875,3202.22314453125,52.77285229690478,0.10509144473442239,0.05782757985365692,3202.223388671875,0,100.00000762409782,0,913393.125,0,50–69% coverage
3km,3000,subcounty,Webuye East,17109.138671875,17109.138671875,0,100,0.265176866095646,0.2764984623240971,0,0,NA,NA,0,0,≥70% coverage
3km,3000,subcounty,Webuye West,26886.580078125,26886.580078125,0,100,0.41671875959875365,0.43451036263887843,8.052928023971617e-4,0,NA,NA,22.499998092651367,0,≥70% coverage
3km,3000,subcounty,West Mugirango,24525.224609375,24525.224609375,0,100,0.3801197901853906,0.3963488181782408,0,0,NA,NA,0,0,≥70% coverage
3km,3000,subcounty,Westlands,29433.828125,29433.828125,0,100,0.456198903350756,0.47567609176332476,0,0,NA,NA,0,0,≥70% coverage
3km,3000,subcounty,Wundanyi,4129.4892578125,3936.736328125,192.7529296875,95.33228160545922,0.06400351537055765,0.0636210601934811,192.75271606445312,0,99.99988917260701,0,61448.16015625,0,≥70% coverage
3km,3000,subcounty,Yatta,24633.625,24101.50390625,532.12109375,97.83985875505533,0.38179990257566154,0.3895011255435707,526.25225830078125,5.868576526641846,98.89708648686344,1.1028648545548934,5108.4306640625,18.84676170349121,≥70% coverage
